{"cameraMode":{"drawMode":0,"name":"Shaded","section":"Shading Mode"},"sceneLighting":true,"audioPlay":false,"sceneViewState":{"m_AlwaysRefresh":false,"showFog":true,"showSkybox":true,"showFlares":true,"showImageEffects":true,"showParticleSystems":true,"showVisualEffectGraphs":true,"m_FxEnabled":true},"in2DMode":false,"pivot":{"x":2.988496780395508,"y":3.306617259979248,"z":-29.463218688964845},"rotation":{"x":-0.006166020408272743,"y":-0.21227140724658967,"z":0.0013391961110755802,"w":-0.977191686630249},"size":3.884024143218994,"orthographic":false}